[
  {
    "Вайлдберриз": {
      "name": "OOO «ВАЛДБЕРРИЗ»",
      "number": "ОГРН: 5167746237148",
      "address": "142181, Московская Область, Подольск, Д Коледино, Д. 6 СТР. 1"
    }
  },
  {
    "Мегапрофстиль": {
      "name": "OOO «МЕГАПРОФСТИЛЬ»",
      "number": "ОГРН: 1067746062449",
      "address": "129337, Москва, улица Красная Сосна, 2, корпус 1, стр. 1, помещение 2, офис 34"
    }
  }
]
