[
  {
    "id": "t-shirt-01",
    "name": "Футболка UZcotton мужская",
    "color": "Цвет: белый",
    "size": "Размер: 56",
    "stock": "Коледино WB",
    "provider": "OOO Вайлдберриз",
    "discount": 50.3,
    "price": 1051,
    "count": 1,
    "maxCount": 2,
    "img": "src/assets/img/cart-items/t-shirt.png",
    "iconUrl": "src/assets/img/delivery/t-shirt-icon.png"
  },
  {
    "id": "case-02",
    "name": "Силиконовый чехол картхолдер (отверстия) для карт, прозрачный кейс бампер на Apple iPhone XR, MobiSafe",
    "color": "Цвет: прозрачный",
    "stock": "Коледино WB",
    "provider": "OOO Мегапрофстиль",
    "price": 11500.235,
    "discount": 8.69547,
    "count": 200,
    "maxCount": 250,
    "img": "src/assets/img/cart-items/case.png",
    "iconUrl": "src/assets/img/delivery/case-icon.png"
  },
  {
    "id": "pencils-03",
    "name": "Карандаши цветные Faber-Castell  \"Замок\" , набор 24 цвета, заточенные, шестигранные,____ Faber-Castell",
    "stock": "Коледино WB",
    "provider": "OOO Вайлдберриз",
    "discount": 48,
    "price": 475,
    "count": 2,
    "maxCount": 2,
    "img": "src/assets/img/cart-items/pencils.png",
    "iconUrl": "src/assets/img/delivery/pencils-icon.png"
  }
]
